epoch,F_value,f_value,penaltyvalue,density,train_time,accuracy,stage
1,1.3925203480647017,0.8834911148722578,0.5090292331924439,0.9999824919462953,48.844916105270386,0.6762820512820513,
