epoch,F_value,f_value,penaltyvalue,density,train_time,accuracy,stage
1,1.6000478242710858,0.8382792952584057,0.7617685290126801,0.9999765517137883,35.47090816497803,0.5512820512820513,
