epoch,F_value,f_value,penaltyvalue,density,train_time,accuracy,stage
1,10945.04735911474,1.0518318472838983,10943.995527267456,0.0034215739240050424,38.97515869140625,0.38782051282051283,
