epoch,F_value,f_value,penaltyvalue,density,train_time,accuracy,stage
1,1.365296850434466,0.7723353548747737,0.5929614955596924,0.9999856183844569,37.95594048500061,0.6153846153846154,
