epoch,F_value,f_value,penaltyvalue,density,train_time,accuracy,stage
1,20.916019100042668,0.7659337011779227,20.150085398864746,0.963564327950517,28.605806827545166,0.6522435897435898,
2,19.11737988338703,0.659686738398017,18.457693144989015,0.9288360448052096,36.896050453186035,0.6426282051282052,
3,17.492189606359528,0.6388518141537178,16.85333779220581,0.8985079022494324,38.38535666465759,0.6618589743589743,
