epoch,F_value,f_value,penaltyvalue,density,train_time,accuracy,stage
1,1.681263984522936,0.8350187656356067,0.8462452188873292,0.9999712367689138,44.055572748184204,0.6362179487179487,
