epoch,F_value,f_value,penaltyvalue,density,train_time,accuracy,stage
1,1.5823703313543738,0.9051757687475623,0.6771945626068115,0.9999787402205015,34.96527981758118,0.6490384615384616,
