epoch,F_value,f_value,penaltyvalue,density,train_time,accuracy,stage
1,21889.029195951254,1.0519086587719801,21887.97728729248,0.0034215739240050424,35.92676591873169,0.38782051282051283,
