{"mean": [0.40701714158058167], "std": [0.23317362368106842]}